meter_id,reading_date,reading_value,unit
SMT-AZG-001,2026-09-17,22334.6,AZG-T01-01
SMT-AZG-002,2026-09-17,22321.9,AZG-T01-02
SMT-AZG-003,2026-09-17,22331.2,AZG-T01-03
SMT-AZG-004,2026-09-17,22340.5,AZG-T01-04
SMT-AZG-005,2026-09-17,22349.8,AZG-T01-05
SMT-AZG-006,2026-09-17,22359.1,AZG-T01-06
SMT-AZG-007,2026-09-17,22368.4,AZG-T01-07
SMT-AZG-008,2026-09-17,22377.7,AZG-T01-08
SMT-AZG-009,2026-09-17,22387.0,AZG-T01-09
SMT-AZG-010,2026-09-17,22396.3,AZG-T01-10
SMT-AZG-011,2026-09-17,22405.6,AZG-T01-11
SMT-AZG-012,2026-09-17,22414.9,AZG-T01-12
SMT-AZG-013,2026-09-17,22402.2,AZG-T01-13
SMT-AZG-014,2026-09-17,22411.5,AZG-T01-14
SMT-AZG-015,2026-09-17,22420.8,AZG-T01-15
SMT-AZG-016,2026-09-17,22430.1,AZG-T01-16
SMT-AZG-017,2026-09-17,22439.4,AZG-T01-17
SMT-AZG-018,2026-09-17,22448.7,AZG-T01-18
SMT-AZG-019,2026-09-17,22458.0,AZG-T01-19
SMT-AZG-020,2026-09-17,22467.3,AZG-T01-20
SMT-AZG-021,2026-09-17,22476.6,AZG-T01-21
SMT-AZG-022,2026-09-17,22485.9,AZG-T01-22
SMT-AZG-023,2026-09-17,22495.2,AZG-T01-23
SMT-AZG-024,2026-09-17,22482.5,AZG-T01-24
